{"name":"Upturf","short_name":"Upturf","theme_color":"#189ba3","icons":[{"src":"/android-chrome-36x36.png?v=v22","sizes":"36x36","type":"image/png"},{"src":"/android-chrome-48x48.png?v=v22","sizes":"48x48","type":"image/png"},{"src":"/android-chrome-72x72.png?v=v22","sizes":"72x72","type":"image/png"},{"src":"/android-chrome-96x96.png?v=v22","sizes":"96x96","type":"image/png"},{"src":"/android-chrome-144x144.png?v=v22","sizes":"144x144","type":"image/png"},{"src":"/android-chrome-192x192.png?v=v22","sizes":"192x192","type":"image/png"},{"src":"/android-chrome-256x256.png?v=v22","sizes":"256x256","type":"image/png"},{"src":"/android-chrome-384x384.png?v=v22","sizes":"384x384","type":"image/png"},{"src":"/android-chrome-512x512.png?v=v22","sizes":"512x512","type":"image/png"}],"start_url":"/","display":"standalone","background_color":"#189ba3","orientation":"portrait"}